<?xml version="1.0" encoding="UTF-8"?><?xml-stylesheet type='text/xsl' href='_UpgradeReport_Files/UpgradeReport.xslt'?><UpgradeLog>
<Properties><Property Name="Solution" Value="IntegerDivision">
</Property><Property Name="Solution File" Value="C:\NewC#BookPostContract\Attachments_2011_12_7\NewCodeFolder\Chapter 3\IntegerDivision\IntegerDivision.sln">
</Property><Property Name="Date" Value="Wednesday, April 18, 2012">
</Property><Property Name="Time" Value="9:29 AM">
</Property></Properties><Event ErrorLevel="0" Project="IntegerDivision" Source="IntegerDivision\IntegerDivision.csproj" Description="Project converted successfully">
</Event><Event ErrorLevel="3" Project="IntegerDivision" Source="IntegerDivision\IntegerDivision.csproj" Description="Converted">
</Event><Event ErrorLevel="0" Project="" Source="IntegerDivision.sln" Description="Solution converted successfully">
</Event><Event ErrorLevel="3" Project="" Source="IntegerDivision.sln" Description="Converted">
</Event><Event ErrorLevel="0" Project="IntegerDivision" Source="IntegerDivision\IntegerDivision.csproj" Description="Scan complete: Upgrade not required for project files.">
</Event></UpgradeLog>